dataSet,num_nodes,num_edges
144,144650,1074393
2D_27628_bjtcai,27629,442898
2D_54019_highK,54020,996414
333SP,3712816,11108633
3D_28984_Tetra,28985,599170
3D_51448_3D,51449,1056610
3Dspectralwave,680944,17165766
3Dspectralwave2,292009,7307376
3dtube,45331,1629474
598a,110972,741934
a0nsdsil,80017,200021
a2nnsnsl,80017,196115
a5esindl,60009,145004
adaptive,6815745,13624320
af_0_k101,503626,9027150
af_1_k101,503626,9027150
af_2_k101,503626,9027150
af_3_k101,503626,9027150
af_4_k101,503626,9027150
af_5_k101,503626,9027150
af_shell1,504856,9046865
af_shell10,1508066,27090195
af_shell2,504856,9046865
af_shell3,504856,9046865
af_shell4,504856,9046865
af_shell5,504856,9046865
af_shell6,504856,9046865
af_shell7,504856,9046865
af_shell8,504856,9046865
af_shell9,504856,9046865
ak2010,45293,108549
Andrews,60001,410077
AS365,3799276,11368076
as-caida,31380,106762
ASIC_680k,682863,3871773
as-Skitter,1696416,11095298
astro-ph,16707,121251
audikw_1,943696,39297771
auto,448696,3314611
barrier2-1,113077,3805068
barrier2-10,115626,3897557
barrier2-11,115626,3897557
barrier2-12,115626,3897557
barrier2-2,113077,3805068
barrier2-3,113077,3805068
barrier2-4,113077,3805068
barrier2-9,115626,3897557
bauru5727,40367,145019
bbmat,38745,1771722
bcsstk17,10975,219812
bcsstk18,11949,80519
bcsstk25,15440,133840
bcsstk29,13993,316740
bcsstk30,28925,1036208
bcsstk31,35589,608502
bcsstk32,44610,1029655
bcsstk35,30238,740200
bcsstk36,23053,583096
bcsstk37,25504,583240
bcsstk39,46773,1068033
bcsstm36,23053,166389
belgium_osm,1441296,1549970
BenElechi1,245875,6698185
blockqp1,60013,340022
bloweya,30005,80005
bloweybl,30004,70001
bmw3_2,227363,5757996
bmw7st_1,141348,3740507
bmwcra_1,148771,5396386
bone010,986704,36326514
boneS01,127225,3421188
boneS10,914899,28191660
boyd1,93280,652246
boyd2,466317,890091
brack2,62632,366559
brainpc2,27608,96601
bratu3d,27793,88627
Bump_2911,2911420,65320659
bundle1,10582,390741
bundle_adj,513352,10360701
c-42,10472,60378
c-43,11126,67400
c-45,13207,93829
c-46,14914,72655
c-47,15344,113372
c-48,18355,92217
c-49,21133,89087
c-50,22402,108013
c-51,23197,113123
c-52,23949,113332
c-53,30236,201224
c-54,31794,211743
c-55,32781,218115
c-56,35911,208405
c-57,37834,221515
c-58,37596,295076
c-59,41283,260909
c-60,43641,171109
c-61,43619,176817
c-62,41732,300537
c-62ghs,41732,300537
c-63,44235,239469
c-64,51036,384438
c-64b,51036,384438
c-65,48067,204297
c-66,49990,274498
c-66b,49990,274498
c-67b,57976,294955
c-68,64811,315408
c-69,67459,345714
c-70,68925,363955
c-71,76639,468096
c-73,169423,724348
c-73b,169423,724348
ca-AstroPh,18773,198110
ca-CondMat,23134,93497
cage14,1505786,27130349
cage15,5154860,99199551
ca-HepPh,12009,118521
caidaRouterLevel,192245,609066
cant,62452,2034917
case39,40217,526139
case9,14455,75801
c-big,345242,1343126
cbuckle,13682,345098
ccc,49153,73728
cfd1,70657,949510
Chebyshev4,68122,5377761
circuit_4,80210,307604
circuit5M,5558327,59524291
circuit5M_dc,3523318,19194193
citationCiteseer,268496,1156647
cit-Patents,3774769,16518948
ckt11752_dc_1,49703,333029
ckt11752_tr_0,49703,333029
cnr-2000,325558,3216152
CO,221120,3943588
coAuthorsCiteseer,227321,814134
coAuthorsDBLP,299068,977676
cond-mat-2003,31164,120029
cond-mat-2005,40422,175693
conf5_4-8x8-05,49153,1916928
conf5_4-8x8-10,49153,1916928
conf5_4-8x8-15,49153,1916928
conf5_4-8x8-20,49153,1916928
conf6_0-8x8-20,49153,1916928
conf6_0-8x8-30,49153,1916928
conf6_0-8x8-80,49153,1916928
consph,83335,3046907
cont-201,80596,239596
cont-300,180896,539396
coPapersCiteseer,434103,16036720
coPapersDBLP,540487,15245729
copter1,17223,114143
CoupCons3D,416801,22322336
crankseg_1,52805,5333507
crankseg_2,63839,7106348
crplat2,18011,489478
crystk02,13966,491274
crystk03,24697,887937
crystm02,13966,168435
crystm03,24697,304233
ct2010,67579,168176
ct20stif,52330,1375396
Cube_Coup_dt0,2164761,64685452
Cube_Coup_dt6,2164761,64685452
CurlCurl_0,11084,62213
CurlCurl_4,2380516,14448191
cvxqp3,17501,69981
cyl6,13682,363961
darcy003,389875,1167685
dawson5,51538,531157
dblp-2010,326187,807700
dc3,116836,766396
de2010,24116,58028
debr,1048577,2097149
delaunay_n15,32769,98274
delaunay_n16,65537,196575
delaunay_n17,131073,393176
delaunay_n18,262145,786396
delaunay_n19,524289,1572823
delaunay_n20,1048577,3145686
delaunay_n21,2097153,6291408
delaunay_n22,4194305,12582869
denormal,89401,622812
dictionary28,52653,89038
dielFilterV2clx,607233,12958252
dielFilterV2real,1157457,24848204
dielFilterV3clx,420409,16653308
Dubcova1,16130,134569
Dubcova3,146690,1891669
e40r0100,17282,553562
EAT_RS,23220,325592
ecology1,1000001,2998000
ecology2,1000000,2997995
email-Enron,36693,183831
Emilia_923,923137,20964171
engine,143572,2424822
enron,69245,276143
eu-2005,862665,19235140
ex11,16615,1096948
ex19,12006,259879
F1,343792,13590452
F2,71506,2682895
Fault_639,638803,14626683
fcondp2,201823,5748069
fem_hifreq_circuit,491101,20239237
filter3D,106438,1406808
finance256,37377,167936
Flan_1565,1564795,59485419
flickr,820879,9837214
foldoc,13357,120238
Freescale1,3428756,18920347
fullb,199188,5953632
FullChip,2987013,26621990
fxm4_6,18893,258368
G2_circuit,150103,438388
G3_circuit,1585479,4623152
Ga10As10H30,113082,3114357
Ga19As19H42,133124,4508981
Ga3As3H12,61350,3016148
Ga41As41H72,268097,9378286
GaAsH6,61350,1721579
gas_sensor,66918,885141
Ge87H76,112986,4002590
Ge99H100,112986,4282190
gearbox,153747,4617075
Geo_1438,1437961,32297325
gridgena,48963,280523
gsm_106857,589447,11174185
gupta1,31803,1098006
gupta2,62065,2155175
gupta3,16784,4670105
gyro,17362,519260
gyro_k,17362,519260
gyro_m,17362,178896
H2O,67025,1141880
halfb,224618,6306219
Hamrle3,1447361,5514242
hangGlider_4,15562,79088
hangGlider_5,16012,82070
helm2d03,392258,1567096
helm3d01,32227,230335
hi2010,25017,62063
hollywood-2009,1139906,57515616
hood,220543,5494489
Hook_1498,1498024,31207734
HTC_336_4438,226341,565431
HTC_336_9129,226341,554881
hugetric-00000,5824555,8733523
human_gene1,22284,12345963
human_gene2,14341,9041364
HV15R,2017170,283073458
ibm_matrix_2,51449,1056610
igbt3,10939,234006
in-2004,1382909,16917053
inlet,11731,328323
inline_1,503713,18660027
ins2,309413,1530448
italy_osm,6686494,7013978
jan99jac120sc,41375,260202
juba40k,40338,144945
k3plates,11108,378927
kim1,38416,933195
kkt_power,2063495,8130343
kron_g500-logn16,65537,2456398
kron_g500-logn17,131073,5114375
kron_g500-logn18,262145,10583222
kron_g500-logn19,524289,21781478
kron_g500-logn20,1048577,44620272
laminar_duct3D,67174,3833077
language,399131,1216334
largebasis,440021,5560100
ldoor,952204,23737339
lhr34,35153,764014
lhr34c,35153,764014
lhr71,70305,1528092
lhr71c,70305,1528092
li,22696,1350309
ljournal-2008,5363261,79023142
Long_Coup_dt0,1470153,44279572
Long_Coup_dt6,1470153,44279572
lowThrust_10,18261,116074
lowThrust_11,18369,117002
lowThrust_12,18459,117423
lowThrust_13,18477,117580
lowThrust_4,13563,84240
lowThrust_5,16263,103701
lowThrust_6,16929,108376
lowThrust_7,17379,110607
lowThrust_8,17703,113139
lowThrust_9,18045,114806
lp1,534389,1088904
luxembourg_osm,114600,119666
m14b,214766,1679018
mario001,38435,114643
mario002,389875,1167685
mark3jac040sc,18290,113435
mark3jac060sc,27450,170695
me2010,69519,167738
memplus,17759,126150
mip1,66464,5209641
ML_Laplace,377003,27689972
mouse_gene,45102,14506196
msc10848,10849,620313
msc23052,23053,588933
msdoor,415864,10328399
m_t1,97579,4925574
mult_dcop_01,25188,193276
mult_dcop_02,25188,193276
mult_dcop_03,25188,193216
NACA0015,1039184,3114818
nasasrb,54871,1366097
nd12k,36001,7128473
nd24k,72001,14393817
nd6k,18001,3457658
net100,29921,1031560
net125,36721,1306960
net150,43521,1582360
net4-1,88344,1265035
net50,16321,480760
net75,23121,756160
netherlands_osm,2216689,2441238
nh2010,48838,117275
NLR,4163764,12487976
NotreDame_www,325730,929849
nv2010,84539,208499
ohne2,181344,11063545
oilpan,73753,1835470
olafu,16147,515651
onetone2,36058,227628
OPF_10000,43888,255799
opt1,15450,973052
p2p-Gnutella31,62587,147892
parabolic_fem,525826,2100225
patents,3774769,14970767
pattern1,19243,4671337
pcrystk02,13966,491274
pcrystk03,24697,887937
pct20stif,52330,1375396
pdb1HYS,36418,2190591
pds10,16559,83108
PFlow_742,742794,18940627
pkustk01,22045,500712
pkustk02,10801,410400
pkustk03,63337,1596876
pkustk04,55591,2137125
pkustk05,37165,1121154
pkustk06,43165,1307466
pkustk07,16861,1217832
pkustk08,22210,1624440
pkustk09,33961,808800
pkustk10,80677,2194830
pkustk11,87805,2652858
pkustk12,94654,3803485
pkustk13,94894,3355860
pkustk14,151927,7494215
pli,22696,686502
PR02R,161071,8185136
Pres_Poisson,14823,365313
pwtk,217919,5926171
qa8fk,66128,863353
qa8fm,66128,863353
raefsky3,21201,1488768
raefsky4,19780,674195
rajat15,37262,443573
rajat22,39900,197264
rajat26,51033,249302
rajat29,643995,4866270
rajat30,643995,6175377
ramage02,16831,1441591
Reuters911,13333,148038
rgg_n_2_15_s0,32769,160240
rgg_n_2_22_s0,4194305,30359198
ri2010,25182,62875
rim,22561,1014951
RM07R,381690,37464962
rma10,46836,2374001
roadNet-CA,1971282,2766607
roadNet-PA,1090921,1541898
roadNet-TX,1393384,1921660
s3dkq4m2,90450,2455670
s3dkt3m2,90450,1921955
s4dkt3m2,90450,1921955
Serena,1391350,32961525
shermanACb,18511,145149
ship_001,34921,2339575
ship_003,121729,4103881
shipsec1,140875,3977139
shipsec5,179861,5146478
shipsec8,114920,3384159
Si10H16,17078,446500
Si34H36,97570,2626974
Si41Ge41H72,185640,7598452
Si5H12,19897,379247
Si87H76,240370,5451000
sinc15,11533,568526
SiO,33402,675528
SiO2,155332,5719417
skirt,12599,104559
smallworld,100001,499998
sme3Dc,42931,3148656
smt,25711,1889447
soc-LiveJournal1,4847572,68993773
soc-sign-Slashdot090221,82145,549202
sparsine,50001,799494
srb1,54925,1508538
Stanford,281904,2312497
std1_Jac2,21983,1248731
std1_Jac3,21983,1455848
stokes128,49667,295938
stokes64,12547,74242
struct3,53571,613632
t2dah,11446,93781
t2dah_a,11446,93781
t2dah_e,11446,93781
t3dh,79172,2215638
t3dh_a,79172,2215638
t3dh_e,79172,2215638
t3dl,20361,265113
t3dl_a,20361,265113
tandem_vtx,18455,135902
ted_A,10606,424587
ted_AB,10606,522387
ted_AB_unscaled,10606,522387
ted_A_unscaled,10606,424587
ted_B_unscaled,10606,77592
thread,29737,2249892
tmt_sym,726714,2903837
torso1,116159,8516500
transient,178867,961790
trdheim,22099,978711
Trefethen_20000,20001,287233
Trefethen_20000b,20000,287217
troll,213454,6099282
TSOPF_FS_b162_c1,10799,305732
TSOPF_FS_b162_c3,30799,904612
TSOPF_FS_b162_c4,40799,1204322
TSOPF_FS_b300,29215,2203949
TSOPF_FS_b300_c1,29215,2203949
TSOPF_FS_b300_c2,56815,4391071
TSOPF_FS_b300_c3,84415,6578753
TSOPF_FS_b39_c19,76217,998359
TSOPF_FS_b39_c30,120217,1575639
TSOPF_FS_b39_c7,28217,368599
TSOPF_FS_b9_c6,14455,75801
TSOPF_RS_b162_c3,15375,610299
TSOPF_RS_b162_c4,20375,812749
TSOPF_RS_b2052_c1,25627,6761100
TSOPF_RS_b2383,38121,16171169
TSOPF_RS_b2383_c1,38121,16171169
TSOPF_RS_b300_c1,14539,1474325
TSOPF_RS_b300_c2,28339,2943887
TSOPF_RS_b300_c3,42139,4413449
TSOPF_RS_b39_c19,38099,684206
TSOPF_RS_b39_c30,60099,1079986
TSOPF_RS_b39_c7,14099,252446
TSOPF_RS_b678_c1,18697,4396289
TSOPF_RS_b678_c2,35697,8781949
tsyl201,20686,1237821
tube1,21499,459277
tube2,21499,459277
turon_m,189925,912345
usroads,129165,165435
usroads-48,126147,161950
vanbody,47073,1191985
venturiLevel3,4026820,8054237
vibrobox,12329,177578
viscorocks,37763,1162244
vsp_barth5_1Ksep_50in_5Kout,32213,101805
vsp_bcsstk30_500sep_10in_1Kout,58349,2016578
vsp_befref_fxm_2_4_air02,14110,98224
vsp_bump2_e18_aa01_model1_crew1,56439,300801
vsp_c-30_data_data,11024,62184
vsp_c-60_data_cti_cs4,85831,241080
vsp_finan512_scagr7-2c_rlfddd,139753,552020
vsp_mod2_pgp2_slptsk,101365,389368
vsp_model1_crew1_cr42_south31,45102,189976
vsp_msc10848_300sep_100in_1Kout,21997,1221028
vsp_p0291_seymourl_iiasa,10499,53868
vsp_sctap1-2b_and_seymourl,40175,140831
vsp_south31_slptsk,39669,189914
vsp_vibrobox_scagr7-2c_rlfddd,77329,435586
vt2010,32581,77799
wathen100,30402,251001
wathen120,36442,301101
web-Google,916429,5105039
web-NotreDame,325730,1497134
wikipedia-20051105,1634990,19753078
wikipedia-20060925,2983495,37269096
wikipedia-20061104,3148441,39383235
wikipedia-20070206,3566908,45030389
wiki-Talk,2394386,5021410
windscreen,22693,752541
wing_nodal,10938,75488
wy2010,86205,213793
x104,108385,5138004
Zd_Jac2,22836,1642833
Zd_Jac3,22836,1916152
Zd_Jac6,22836,1711983
GitHub,37700,615706
artist,50515,1638396
ell,203769,672479
amazon,403394,9068096
amazon0505,410236,4878874
dd,334925,1686092
yelp,716847,13954819
comamazon,334863,1851744
IGB_small,1000000,13068130
AmazonProducts,1569960,264339468
ogb,2449029,126167053
reddit,232965,114848857
IGB_medium,10000000,129994908
yeast,1710902,5347448
blog,88784,4186390